feature,correlation
PLUS_MINUS,0.854020885708428
FG_PCT,0.4757836116108377
PTS,0.4697498828544513
FGM,0.382113752349096
DREB,0.3777248484718001
