feature,correlation
PTS,0.7322572532979628
FG_PCT,0.6733731648147756
FGM,0.5883711763234697
DREB,0.562898825896575
FG3_PCT,0.45304565612098424
